{
  "stop": "False",
  "env_step": 25056,
  "train_iter": 174,
  "eval_value": -6.028942584991455,
  "eval_value_raw": [
    -6.028942584991455,
    -6.028942584991455,
    -6.028942584991455,
    -6.028942584991455
  ],
  "finish_time": "Sun Jun  1 02:56:14 2025"
}